Workbook

Sheet 1
A2: x | B2: y | D2: y_pred | E2: error^2 | F2: error | G2: errr*x
A3: 0.2 | B3: =3*A3+5 -> 5.6 | D3: =$B$11*A3+$B$12 -> 0.16 | E3: =(B3-D3)^2 -> 29.5936 | F3: =B3-D3 -> 5.44 | G3: =F3*A3 -> 1.088
A4: 1.2 | B4: =3*A4+5 -> 8.6 | D4: =$B$11*A4+$B$12 -> 0.46 | E4: =(B4-D4)^2 -> 66.2596 | F4: =B4-D4 -> 8.14 | G4: =F4*A4 -> 9.768
A5: 1 | B5: =3*A5+5 -> 8 | D5: =$B$11*A5+$B$12 -> 0.4 | E5: =(B5-D5)^2 -> 57.76 | F5: =B5-D5 -> 7.6 | G5: =F5*A5 -> 7.6
A6: 1.4 | B6: =3*A6+5 -> 9.2 | D6: =$B$11*A6+$B$12 -> 0.52 | E6: =(B6-D6)^2 -> 75.3424 | F6: =B6-D6 -> 8.68 | G6: =F6*A6 -> 12.152
A7: -1.5 | B7: =3*A7+5 -> 0.5 | D7: =$B$11*A7+$B$12 -> -0.35 | E7: =(B7-D7)^2 -> 0.7225 | F7: =B7-D7 -> 0.85 | G7: =F7*A7 -> -1.275
A8: 0.5 | B8: =3*A8+5 -> 6.5 | D8: =$B$11*A8+$B$12 -> 0.25 | E8: =(B8-D8)^2 -> 39.0625 | F8: =B8-D8 -> 6.25 | G8: =F8*A8 -> 3.125
A9: -0.5 | B9: =3*A9+5 -> 3.5 | D9: =$B$11*A9+$B$12 -> -0.05 | E9: =(B9-D9)^2 -> 12.6025 | F9: =B9-D9 -> 3.55 | G9: =F9*A9 -> -1.775
A11: w | B11: 0.3 | D11: Loss | E11: =AVERAGE(E3:E9)/2 -> 20.095936 | F11: dw | G11: =-AVERAGE(G3:G9) -> -4.3832857 | I11: new w | J11: =B11-E12*G11 -> 1.1766571
A12: b | B12: 0.1 | D12: eta | E12: 0.2 | F12: db | G12: =-AVERAGE(F3:F9) -> -5.7871429 | I12: new b | J12: =B12-E12*G12 -> 1.2574286

Sheet 2
A2: x | B2: y | D2: y_pred | E2: error^2 | F2: error | G2: errr*x
A3: 0.2 | B3: =3*A3+5 -> 5.6 | D3: =$B$11*A3+$B$12 -> 1.49276 | E3: =(B3-D3)^2 -> 16.86942 | F3: =B3-D3 -> 4.10724 | G3: =F3*A3 -> 0.821448
A4: 1.2 | B4: =3*A4+5 -> 8.6 | D4: =$B$11*A4+$B$12 -> 2.6694171 | E4: =(B4-D4)^2 -> 35.171813 | F4: =B4-D4 -> 5.9305829 | G4: =F4*A4 -> 7.1166994
A5: 1 | B5: =3*A5+5 -> 8 | D5: =$B$11*A5+$B$12 -> 2.4340857 | E5: =(B5-D5)^2 -> 30.979402 | F5: =B5-D5 -> 5.5659143 | G5: =F5*A5 -> 5.5659143
A6: 1.4 | B6: =3*A6+5 -> 9.2 | D6: =$B$11*A6+$B$12 -> 2.9047486 | E6: =(B6-D6)^2 -> 39.630191 | F6: =B6-D6 -> 6.2952514 | G6: =F6*A6 -> 8.813352
A7: -1.5 | B7: =3*A7+5 -> 0.5 | D7: =$B$11*A7+$B$12 -> -0.50755714 | E7: =(B7-D7)^2 -> 1.0151714 | F7: =B7-D7 -> 1.0075571 | G7: =F7*A7 -> -1.5113357
A8: 0.5 | B8: =3*A8+5 -> 6.5 | D8: =$B$11*A8+$B$12 -> 1.8457571 | E8: =(B8-D8)^2 -> 21.661977 | F8: =B8-D8 -> 4.6542429 | G8: =F8*A8 -> 2.3271214
A9: -0.5 | B9: =3*A9+5 -> 3.5 | D9: =$B$11*A9+$B$12 -> 0.6691 | E9: =(B9-D9)^2 -> 8.0139948 | F9: =B9-D9 -> 2.8309 | G9: =F9*A9 -> -1.41545
A11: w | B11: ='1'!J11 -> 1.1766571 | D11: Loss | E11: =AVERAGE(E3:E9)/2 -> 10.952998 | F11: dw | G11: =-AVERAGE(G3:G9) -> -3.1025356 | I11: new w | J11: =B11-E12*G11 -> 1.7971643
A12: b | B12: ='1'!J12 -> 1.2574286 | D12: eta | E12: ='1'!E12 -> 0.2 | F12: db | G12: =-AVERAGE(F3:F9) -> -4.3416698 | I12: new b | J12: =B12-E12*G12 -> 2.1257625

Sheet 3
A2: x | B2: y | D2: y_pred | E2: error^2 | F2: error | G2: errr*x
A3: 0.2 | B3: =3*A3+5 -> 5.6 | D3: =$B$11*A3+$B$12 -> 2.4851954 | E3: =(B3-D3)^2 -> 9.7020078 | F3: =B3-D3 -> 3.1148046 | G3: =F3*A3 -> 0.62296092
A4: 1.2 | B4: =3*A4+5 -> 8.6 | D4: =$B$11*A4+$B$12 -> 4.2823597 | E4: =(B4-D4)^2 -> 18.642018 | F4: =B4-D4 -> 4.3176403 | G4: =F4*A4 -> 5.1811684
A5: 1 | B5: =3*A5+5 -> 8 | D5: =$B$11*A5+$B$12 -> 3.9229268 | E5: =(B5-D5)^2 -> 16.622526 | F5: =B5-D5 -> 4.0770732 | G5: =F5*A5 -> 4.0770732
A6: 1.4 | B6: =3*A6+5 -> 9.2 | D6: =$B$11*A6+$B$12 -> 4.6417925 | E6: =(B6-D6)^2 -> 20.777256 | F6: =B6-D6 -> 4.5582075 | G6: =F6*A6 -> 6.3814905
A7: -1.5 | B7: =3*A7+5 -> 0.5 | D7: =$B$11*A7+$B$12 -> -0.56998387 | E7: =(B7-D7)^2 -> 1.1448655 | F7: =B7-D7 -> 1.0699839 | G7: =F7*A7 -> -1.6049758
A8: 0.5 | B8: =3*A8+5 -> 6.5 | D8: =$B$11*A8+$B$12 -> 3.0243447 | E8: =(B8-D8)^2 -> 12.08018 | F8: =B8-D8 -> 3.4756553 | G8: =F8*A8 -> 1.7378277
A9: -0.5 | B9: =3*A9+5 -> 3.5 | D9: =$B$11*A9+$B$12 -> 1.2271804 | E9: =(B9-D9)^2 -> 5.165709 | F9: =B9-D9 -> 2.2728196 | G9: =F9*A9 -> -1.1364098
A11: w | B11: ='2'!J11 -> 1.7971643 | D11: Loss | E11: =AVERAGE(E3:E9)/2 -> 6.0096116 | F11: dw | G11: =-AVERAGE(G3:G9) -> -2.1798764 | I11: new w | J11: =B11-E12*G11 -> 2.2331396
A12: b | B12: ='2'!J12 -> 2.1257625 | D12: eta | E12: ='1'!E12 -> 0.2 | F12: db | G12: =-AVERAGE(F3:F9) -> -3.2694549 | I12: new b | J12: =B12-E12*G12 -> 2.7796535

Sheet 4
A2: x | B2: y | D2: y_pred | E2: error^2 | F2: error | G2: errr*x
A3: 0.2 | B3: =3*A3+5 -> 5.6 | D3: =$B$11*A3+$B$12 -> 3.2262814 | E3: =(B3-D3)^2 -> 5.6345399 | F3: =B3-D3 -> 2.3737186 | G3: =F3*A3 -> 0.47474371
A4: 1.2 | B4: =3*A4+5 -> 8.6 | D4: =$B$11*A4+$B$12 -> 5.459421 | E4: =(B4-D4)^2 -> 9.8632366 | F4: =B4-D4 -> 3.140579 | G4: =F4*A4 -> 3.7686948
A5: 1 | B5: =3*A5+5 -> 8 | D5: =$B$11*A5+$B$12 -> 5.0127931 | E5: =(B5-D5)^2 -> 8.9234052 | F5: =B5-D5 -> 2.9872069 | G5: =F5*A5 -> 2.9872069
A6: 1.4 | B6: =3*A6+5 -> 9.2 | D6: =$B$11*A6+$B$12 -> 5.9060489 | E6: =(B6-D6)^2 -> 10.850114 | F6: =B6-D6 -> 3.2939511 | G6: =F6*A6 -> 4.6115315
A7: -1.5 | B7: =3*A7+5 -> 0.5 | D7: =$B$11*A7+$B$12 -> -0.57005582 | E7: =(B7-D7)^2 -> 1.1450195 | F7: =B7-D7 -> 1.0700558 | G7: =F7*A7 -> -1.6050837
A8: 0.5 | B8: =3*A8+5 -> 6.5 | D8: =$B$11*A8+$B$12 -> 3.8962233 | E8: =(B8-D8)^2 -> 6.7796531 | F8: =B8-D8 -> 2.6037767 | G8: =F8*A8 -> 1.3018884
A9: -0.5 | B9: =3*A9+5 -> 3.5 | D9: =$B$11*A9+$B$12 -> 1.6630837 | E9: =(B9-D9)^2 -> 3.3742614 | F9: =B9-D9 -> 1.8369163 | G9: =F9*A9 -> -0.91845813
A11: w | B11: ='3'!J11 -> 2.2331396 | D11: Loss | E11: =AVERAGE(E3:E9)/2 -> 3.326445 | F11: dw | G11: =-AVERAGE(G3:G9) -> -1.5172176 | I11: new w | J11: =B11-E12*G11 -> 2.5365831
A12: b | B12: ='3'!J12 -> 2.7796535 | D12: eta | E12: ='1'!E12 -> 0.2 | F12: db | G12: =-AVERAGE(F3:F9) -> -2.4723149 | I12: new b | J12: =B12-E12*G12 -> 3.2741165

Sheet 5
A2: x | B2: y | D2: y_pred | E2: error^2 | F2: error | G2: errr*x
A3: 0.2 | B3: =3*A3+5 -> 5.6 | D3: =$B$11*A3+$B$12 -> 3.7814331 | E3: =(B3-D3)^2 -> 3.3071855 | F3: =B3-D3 -> 1.8185669 | G3: =F3*A3 -> 0.36371338
A4: 1.2 | B4: =3*A4+5 -> 8.6 | D4: =$B$11*A4+$B$12 -> 6.3180162 | E4: =(B4-D4)^2 -> 5.2074501 | F4: =B4-D4 -> 2.2819838 | G4: =F4*A4 -> 2.7383806
A5: 1 | B5: =3*A5+5 -> 8 | D5: =$B$11*A5+$B$12 -> 5.8106996 | E5: =(B5-D5)^2 -> 4.7930363 | F5: =B5-D5 -> 2.1893004 | G5: =F5*A5 -> 2.1893004
A6: 1.4 | B6: =3*A6+5 -> 9.2 | D6: =$B$11*A6+$B$12 -> 6.8253328 | E6: =(B6-D6)^2 -> 5.6390442 | F6: =B6-D6 -> 2.3746672 | G6: =F6*A6 -> 3.3245341
A7: -1.5 | B7: =3*A7+5 -> 0.5 | D7: =$B$11*A7+$B$12 -> -0.53075813 | E7: =(B7-D7)^2 -> 1.0624623 | F7: =B7-D7 -> 1.0307581 | G7: =F7*A7 -> -1.5461372
A8: 0.5 | B8: =3*A8+5 -> 6.5 | D8: =$B$11*A8+$B$12 -> 4.542408 | E8: =(B8-D8)^2 -> 3.8321663 | F8: =B8-D8 -> 1.957592 | G8: =F8*A8 -> 0.97879598
A9: -0.5 | B9: =3*A9+5 -> 3.5 | D9: =$B$11*A9+$B$12 -> 2.005825 | E9: =(B9-D9)^2 -> 2.2325591 | F9: =B9-D9 -> 1.494175 | G9: =F9*A9 -> -0.74708752
A11: w | B11: ='4'!J11 -> 2.5365831 | D11: Loss | E11: =AVERAGE(E3:E9)/2 -> 1.8624217 | F11: dw | G11: =-AVERAGE(G3:G9) -> -1.0430714 | I11: new w | J11: =B11-E12*G11 -> 2.7451974
A12: b | B12: ='4'!J12 -> 3.2741165 | D12: eta | E12: ='1'!E12 -> 0.2 | F12: db | G12: =-AVERAGE(F3:F9) -> -1.8781491 | I12: new b | J12: =B12-E12*G12 -> 3.6497463

Sheet 6
A2: x | B2: y | D2: y_pred | E2: error^2 | F2: error | G2: errr*x
A3: 0.2 | B3: =3*A3+5 -> 5.6 | D3: =$B$11*A3+$B$12 -> 4.1987858 | E3: =(B3-D3)^2 -> 1.9634013 | F3: =B3-D3 -> 1.4012142 | G3: =F3*A3 -> 0.28024284
A4: 1.2 | B4: =3*A4+5 -> 8.6 | D4: =$B$11*A4+$B$12 -> 6.9439831 | E4: =(B4-D4)^2 -> 2.7423918 | F4: =B4-D4 -> 1.6560169 | G4: =F4*A4 -> 1.9872202
A5: 1 | B5: =3*A5+5 -> 8 | D5: =$B$11*A5+$B$12 -> 6.3949437 | E5: =(B5-D5)^2 -> 2.5762058 | F5: =B5-D5 -> 1.6050563 | G5: =F5*A5 -> 1.6050563
A6: 1.4 | B6: =3*A6+5 -> 9.2 | D6: =$B$11*A6+$B$12 -> 7.4930226 | E6: =(B6-D6)^2 -> 2.9137718 | F6: =B6-D6 -> 1.7069774 | G6: =F6*A6 -> 2.3897683
A7: -1.5 | B7: =3*A7+5 -> 0.5 | D7: =$B$11*A7+$B$12 -> -0.46804973 | E7: =(B7-D7)^2 -> 0.93712029 | F7: =B7-D7 -> 0.96804973 | G7: =F7*A7 -> -1.4520746
A8: 0.5 | B8: =3*A8+5 -> 6.5 | D8: =$B$11*A8+$B$12 -> 5.022345 | E8: =(B8-D8)^2 -> 2.1834643 | F8: =B8-D8 -> 1.477655 | G8: =F8*A8 -> 0.7388275
A9: -0.5 | B9: =3*A9+5 -> 3.5 | D9: =$B$11*A9+$B$12 -> 2.2771476 | E9: =(B9-D9)^2 -> 1.4953679 | F9: =B9-D9 -> 1.2228524 | G9: =F9*A9 -> -0.61142619
A11: w | B11: ='5'!J11 -> 2.7451974 | D11: Loss | E11: =AVERAGE(E3:E9)/2 -> 1.0579802 | F11: dw | G11: =-AVERAGE(G3:G9) -> -0.70537349 | I11: new w | J11: =B11-E12*G11 -> 2.8862721
A12: b | B12: ='5'!J12 -> 3.6497463 | D12: eta | E12: ='1'!E12 -> 0.2 | F12: db | G12: =-AVERAGE(F3:F9) -> -1.4339746 | I12: new b | J12: =B12-E12*G12 -> 3.9365412

Sheet 7
A2: x | B2: y | D2: y_pred | E2: error^2 | F2: error | G2: errr*x
A3: 0.2 | B3: =3*A3+5 -> 5.6 | D3: =$B$11*A3+$B$12 -> 4.5137956 | E3: =(B3-D3)^2 -> 1.1798399 | F3: =B3-D3 -> 1.0862044 | G3: =F3*A3 -> 0.21724087
A4: 1.2 | B4: =3*A4+5 -> 8.6 | D4: =$B$11*A4+$B$12 -> 7.4000677 | E4: =(B4-D4)^2 -> 1.4398375 | F4: =B4-D4 -> 1.1999323 | G4: =F4*A4 -> 1.4399188
A5: 1 | B5: =3*A5+5 -> 8 | D5: =$B$11*A5+$B$12 -> 6.8228133 | E5: =(B5-D5)^2 -> 1.3857686 | F5: =B5-D5 -> 1.1771867 | G5: =F5*A5 -> 1.1771867
A6: 1.4 | B6: =3*A6+5 -> 9.2 | D6: =$B$11*A6+$B$12 -> 7.9773221 | E6: =(B6-D6)^2 -> 1.4949412 | F6: =B6-D6 -> 1.2226779 | G6: =F6*A6 -> 1.7117491
A7: -1.5 | B7: =3*A7+5 -> 0.5 | D7: =$B$11*A7+$B$12 -> -0.39286687 | E7: =(B7-D7)^2 -> 0.79721125 | F7: =B7-D7 -> 0.89286687 | G7: =F7*A7 -> -1.3393003
A8: 0.5 | B8: =3*A8+5 -> 6.5 | D8: =$B$11*A8+$B$12 -> 5.3796773 | E8: =(B8-D8)^2 -> 1.2551231 | F8: =B8-D8 -> 1.1203227 | G8: =F8*A8 -> 0.56016137
A9: -0.5 | B9: =3*A9+5 -> 3.5 | D9: =$B$11*A9+$B$12 -> 2.4934052 | E9: =(B9-D9)^2 -> 1.0132331 | F9: =B9-D9 -> 1.0065948 | G9: =F9*A9 -> -0.5032974
A11: w | B11: ='6'!J11 -> 2.8862721 | D11: Loss | E11: =AVERAGE(E3:E9)/2 -> 0.61185391 | F11: dw | G11: =-AVERAGE(G3:G9) -> -0.46623701 | I11: new w | J11: =B11-E12*G11 -> 2.9795195
A12: b | B12: ='6'!J12 -> 3.9365412 | D12: eta | E12: ='1'!E12 -> 0.2 | F12: db | G12: =-AVERAGE(F3:F9) -> -1.1008265 | I12: new b | J12: =B12-E12*G12 -> 4.1567065

Sheet 8
A2: x | B2: y | D2: y_pred | E2: error^2 | F2: error | G2: errr*x
A3: 0.2 | B3: =3*A3+5 -> 5.6 | D3: =$B$11*A3+$B$12 -> 4.7526104 | E3: =(B3-D3)^2 -> 0.7180691 | F3: =B3-D3 -> 0.84738958 | G3: =F3*A3 -> 0.16947792
A4: 1.2 | B4: =3*A4+5 -> 8.6 | D4: =$B$11*A4+$B$12 -> 7.7321299 | E4: =(B4-D4)^2 -> 0.75319854 | F4: =B4-D4 -> 0.86787012 | G4: =F4*A4 -> 1.0414441
A5: 1 | B5: =3*A5+5 -> 8 | D5: =$B$11*A5+$B$12 -> 7.136226 | E5: =(B5-D5)^2 -> 0.74610554 | F5: =B5-D5 -> 0.86377401 | G5: =F5*A5 -> 0.86377401
A6: 1.4 | B6: =3*A6+5 -> 9.2 | D6: =$B$11*A6+$B$12 -> 8.3280338 | E6: =(B6-D6)^2 -> 0.7603251 | F6: =B6-D6 -> 0.87196622 | G6: =F6*A6 -> 1.2207527
A7: -1.5 | B7: =3*A7+5 -> 0.5 | D7: =$B$11*A7+$B$12 -> -0.31257267 | E7: =(B7-D7)^2 -> 0.66027434 | F7: =B7-D7 -> 0.81257267 | G7: =F7*A7 -> -1.218859
A8: 0.5 | B8: =3*A8+5 -> 6.5 | D8: =$B$11*A8+$B$12 -> 5.6464663 | E8: =(B8-D8)^2 -> 0.72851985 | F8: =B8-D8 -> 0.85353374 | G8: =F8*A8 -> 0.42676687
A9: -0.5 | B9: =3*A9+5 -> 3.5 | D9: =$B$11*A9+$B$12 -> 2.6669468 | E9: =(B9-D9)^2 -> 0.69397764 | F9: =B9-D9 -> 0.8330532 | G9: =F9*A9 -> -0.4165266
A11: w | B11: ='7'!J11 -> 2.9795195 | D11: Loss | E11: =AVERAGE(E3:E9)/2 -> 0.36146215 | F11: dw | G11: =-AVERAGE(G3:G9) -> -0.29811858 | I11: new w | J11: =B11-E12*G11 -> 3.0391432
A12: b | B12: ='7'!J12 -> 4.1567065 | D12: eta | E12: ='1'!E12 -> 0.2 | F12: db | G12: =-AVERAGE(F3:F9) -> -0.85002279 | I12: new b | J12: =B12-E12*G12 -> 4.3267111

Sheet 9
A2: x | B2: y | D2: y_pred | E2: error^2 | F2: error | G2: errr*x
A3: 0.2 | B3: =3*A3+5 -> 5.6 | D3: =$B$11*A3+$B$12 -> 4.9345397 | E3: =(B3-D3)^2 -> 0.44283738 | F3: =B3-D3 -> 0.66546028 | G3: =F3*A3 -> 0.13309206
A4: 1.2 | B4: =3*A4+5 -> 8.6 | D4: =$B$11*A4+$B$12 -> 7.9736829 | E4: =(B4-D4)^2 -> 0.39227311 | F4: =B4-D4 -> 0.6263171 | G4: =F4*A4 -> 0.75158052
A5: 1 | B5: =3*A5+5 -> 8 | D5: =$B$11*A5+$B$12 -> 7.3658543 | E5: =(B5-D5)^2 -> 0.40214081 | F5: =B5-D5 -> 0.63414574 | G5: =F5*A5 -> 0.63414574
A6: 1.4 | B6: =3*A6+5 -> 9.2 | D6: =$B$11*A6+$B$12 -> 8.5815115 | E6: =(B6-D6)^2 -> 0.38252798 | F6: =B6-D6 -> 0.61848846 | G6: =F6*A6 -> 0.86588385
A7: -1.5 | B7: =3*A7+5 -> 0.5 | D7: =$B$11*A7+$B$12 -> -0.23200368 | E7: =(B7-D7)^2 -> 0.53582939 | F7: =B7-D7 -> 0.73200368 | G7: =F7*A7 -> -1.0980055
A8: 0.5 | B8: =3*A8+5 -> 6.5 | D8: =$B$11*A8+$B$12 -> 5.8462827 | E8: =(B8-D8)^2 -> 0.42734634 | F8: =B8-D8 -> 0.65371732 | G8: =F8*A8 -> 0.32685866
A9: -0.5 | B9: =3*A9+5 -> 3.5 | D9: =$B$11*A9+$B$12 -> 2.8071395 | E9: =(B9-D9)^2 -> 0.48005568 | F9: =B9-D9 -> 0.6928605 | G9: =F9*A9 -> -0.34643025
A11: w | B11: ='8'!J11 -> 3.0391432 | D11: Loss | E11: =AVERAGE(E3:E9)/2 -> 0.21878648 | F11: dw | G11: =-AVERAGE(G3:G9) -> -0.18101786 | I11: new w | J11: =B11-E12*G11 -> 3.0753468
A12: b | B12: ='8'!J12 -> 4.3267111 | D12: eta | E12: ='1'!E12 -> 0.2 | F12: db | G12: =-AVERAGE(F3:F9) -> -0.66042758 | I12: new b | J12: =B12-E12*G12 -> 4.4587966

Sheet 10
A2: x | B2: y | D2: y_pred | E2: error^2 | F2: error | G2: errr*x
A3: 0.2 | B3: =3*A3+5 -> 5.6 | D3: =$B$11*A3+$B$12 -> 5.073866 | E3: =(B3-D3)^2 -> 0.27681704 | F3: =B3-D3 -> 0.52613405 | G3: =F3*A3 -> 0.10522681
A4: 1.2 | B4: =3*A4+5 -> 8.6 | D4: =$B$11*A4+$B$12 -> 8.1492127 | E4: =(B4-D4)^2 -> 0.20320919 | F4: =B4-D4 -> 0.4507873 | G4: =F4*A4 -> 0.54094475
A5: 1 | B5: =3*A5+5 -> 8 | D5: =$B$11*A5+$B$12 -> 7.5341434 | E5: =(B5-D5)^2 -> 0.21702241 | F5: =B5-D5 -> 0.46585665 | G5: =F5*A5 -> 0.46585665
A6: 1.4 | B6: =3*A6+5 -> 9.2 | D6: =$B$11*A6+$B$12 -> 8.7642821 | E6: =(B6-D6)^2 -> 0.18985013 | F6: =B6-D6 -> 0.43571795 | G6: =F6*A6 -> 0.61000512
A7: -1.5 | B7: =3*A7+5 -> 0.5 | D7: =$B$11*A7+$B$12 -> -0.15422352 | E7: =(B7-D7)^2 -> 0.42800842 | F7: =B7-D7 -> 0.65422352 | G7: =F7*A7 -> -0.98133529
A8: 0.5 | B8: =3*A8+5 -> 6.5 | D8: =$B$11*A8+$B$12 -> 5.99647 | E8: =(B8-D8)^2 -> 0.25354248 | F8: =B8-D8 -> 0.50353002 | G8: =F8*A8 -> 0.25176501
A9: -0.5 | B9: =3*A9+5 -> 3.5 | D9: =$B$11*A9+$B$12 -> 2.9211232 | E9: =(B9-D9)^2 -> 0.33509832 | F9: =B9-D9 -> 0.57887677 | G9: =F9*A9 -> -0.28943839
A11: w | B11: ='9'!J11 -> 3.0753468 | D11: Loss | E11: =AVERAGE(E3:E9)/2 -> 0.13596771 | F11: dw | G11: =-AVERAGE(G3:G9) -> -0.1004321 | I11: new w | J11: =B11-E12*G11 -> 3.0954332
A12: b | B12: ='9'!J12 -> 4.4587966 | D12: eta | E12: ='1'!E12 -> 0.2 | F12: db | G12: =-AVERAGE(F3:F9) -> -0.51644661 | I12: new b | J12: =B12-E12*G12 -> 4.5620859
